name,careers_url,website,is_listed,industry,prefecture,source_list
サイボウズ株式会社,https://cybozu.co.jp/company/job/recruitment/,https://cybozu.co.jp,1,SaaS,東京都,probe:multi
フリー株式会社,https://jobs.freee.co.jp/,https://corp.freee.co.jp,1,SaaS,東京都,probe:multi
株式会社ラクス,https://www.rakus.co.jp/recruit/,https://www.rakus.co.jp,1,SaaS,東京都,probe:multi
株式会社サイバーエージェント,https://www.cyberagent.co.jp/careers/,https://www.cyberagent.co.jp,1,インターネット,東京都,probe:multi
株式会社ディー・エヌ・エー,https://dena.com/jp/recruit/career/,https://dena.com/jp/,1,インターネット,東京都,probe:multi
LINEヤフー株式会社,https://www.lycorp.co.jp/ja/recruit/,https://www.lycorp.co.jp,1,インターネット,東京都,probe:multi
株式会社メルカリ,https://careers.mercari.com/jp/,https://about.mercari.com,1,EC,東京都,probe:multi
株式会社SmartHR,https://hello.smarthr.co.jp/,https://smarthr.co.jp,0,HR SaaS,東京都,probe:multi
Sansan株式会社,https://jp.corp-sansan.com/recruit/,https://jp.corp-sansan.com,1,SaaS,東京都,probe:multi
ラクスル株式会社,https://recruit.raksul.com/,https://corp.raksul.com,1,産業DX,東京都,probe:multi
株式会社ユーザベース,https://www.uzabase.com/jp/careers/,https://www.uzabase.com,0,情報サービス,東京都,probe:multi
株式会社ビズリーチ,https://www.bizreach.co.jp/recruit/,https://www.bizreach.co.jp,1,HR,東京都,probe:multi
GMOペパボ株式会社,https://recruit.pepabo.com/,https://pepabo.com,1,インターネット,東京都,probe:multi
面白法人カヤック,https://www.kayac.com/recruit,https://www.kayac.com,1,クリエイティブ,神奈川県,probe:multi
ピクシブ株式会社,https://recruit.pixiv.net/,https://www.pixiv.co.jp,0,インターネット,東京都,probe:multi
株式会社LayerX,https://jobs.layerx.co.jp/,https://layerx.co.jp,0,フィンテックSaaS,東京都,probe:multi
株式会社SmartNews,https://careers.smartnews.com/,https://about.smartnews.com,0,メディア,東京都,probe:multi
Ubie株式会社,https://recruit.ubie.life/,https://ubie.life,0,ヘルステック,東京都,probe:multi
株式会社カケハシ,https://www.kakehashi.life/recruit/,https://www.kakehashi.life,0,ヘルステック,東京都,probe:multi
株式会社サイボウズラボ,https://labs.cybozu.co.jp/recruit/,https://labs.cybozu.co.jp,0,研究開発,東京都,probe:multi
PayPay株式会社,https://about.paypay.ne.jp/career/,https://about.paypay.ne.jp,0,フィンテック,東京都,probe:multi
株式会社三菱UFJ銀行,https://www.bk.mufg.jp/saiyou/,https://www.bk.mufg.jp,1,銀行,東京都,probe:multi
野村證券株式会社,https://www.nomura.co.jp/recruit/,https://www.nomura.co.jp,1,証券,東京都,probe:multi
マネックスグループ株式会社,https://www.monexgroup.jp/jp/recruit.html,https://www.monexgroup.jp,1,証券,東京都,probe:multi
株式会社ZOZO,https://corp.zozo.com/recruit/,https://corp.zozo.com,1,EC,千葉県,probe:multi
株式会社ニトリホールディングス,https://www.nitori.co.jp/recruit/,https://www.nitori.co.jp,1,小売,北海道,probe:multi
イオン株式会社,https://www.aeon.info/recruit/,https://www.aeon.info,1,小売,千葉県,probe:multi
株式会社良品計画,https://www.ryohin-keikaku.jp/recruit/,https://www.ryohin-keikaku.jp,1,小売,東京都,probe:multi
株式会社ファーストリテイリング,https://www.fastretailing.com/employment/,https://www.fastretailing.com,1,アパレル,山口県,probe:multi
BASE株式会社,https://binc.jp/recruit,https://binc.jp,1,EC,東京都,probe:multi
ヘイ株式会社,https://jobs.st.inc/,https://st.inc,0,EC,東京都,probe:multi
トヨタ自動車株式会社,https://www.toyota-recruit.com/,https://global.toyota,1,自動車,愛知県,probe:multi
ソニーグループ株式会社,https://www.sony.com/ja/SonyInfo/Jobs/,https://www.sony.com/ja/,1,電機,東京都,probe:multi
パナソニックホールディングス株式会社,https://recruit.jpn.panasonic.com/,https://holdings.panasonic,1,電機,大阪府,probe:multi
株式会社日立製作所,https://www.hitachi.co.jp/recruit/,https://www.hitachi.co.jp,1,電機,東京都,probe:multi
株式会社村田製作所,https://corporate.murata.com/ja-jp/careers,https://corporate.murata.com,1,電子部品,京都府,probe:multi
株式会社キーエンス,https://www.keyence.co.jp/careers/,https://www.keyence.co.jp,1,FA機器,大阪府,probe:multi
ダイキン工業株式会社,https://www.daikin.co.jp/recruit,https://www.daikin.co.jp,1,空調,大阪府,probe:multi
株式会社島津製作所,https://www.shimadzu.co.jp/recruit/,https://www.shimadzu.co.jp,1,精密機器,京都府,probe:multi
大和ハウス工業株式会社,https://www.daiwahouse.co.jp/recruit/,https://www.daiwahouse.co.jp,1,住宅,大阪府,probe:multi
積水ハウス株式会社,https://www.sekisuihouse.co.jp/recruit/,https://www.sekisuihouse.co.jp,1,住宅,大阪府,probe:multi
三井不動産株式会社,https://www.mitsuifudosan.co.jp/corporate/recruit/,https://www.mitsuifudosan.co.jp,1,不動産,東京都,probe:multi
株式会社LIFULL,https://lifull.com/recruit/,https://lifull.com,1,不動産テック,東京都,probe:multi
株式会社GA technologies,https://www.ga-tech.co.jp/recruit/,https://www.ga-tech.co.jp,1,不動産テック,東京都,probe:multi
株式会社オープンハウスグループ,https://openhouse-group.co.jp/recruit/,https://openhouse-group.co.jp,1,不動産,東京都,probe:multi
ヤマトホールディングス株式会社,https://www.yamato-hd.co.jp/recruit/,https://www.yamato-hd.co.jp,1,物流,東京都,probe:multi
SGホールディングス株式会社,https://www.sg-hldgs.co.jp/recruit/,https://www.sg-hldgs.co.jp,1,物流,京都府,probe:multi
株式会社Hacobu,https://hacobu.jp/recruit/,https://hacobu.jp,0,物流DX,東京都,probe:multi
株式会社オープンロジ,https://corp.openlogi.com/recruit/,https://corp.openlogi.com,0,物流DX,東京都,probe:multi
エムスリー株式会社,https://jobs.m3.com/,https://corporate.m3.com,1,ヘルステック,東京都,probe:multi
株式会社メドレー,https://www.medley.jp/jobs/,https://www.medley.jp,1,ヘルステック,東京都,probe:multi
株式会社JMDC,https://www.jmdc.co.jp/recruit/,https://www.jmdc.co.jp,1,医療データ,東京都,probe:multi
株式会社エス・エム・エス,https://www.bm-sms.co.jp/recruit/,https://www.bm-sms.co.jp,1,介護・医療HR,東京都,probe:multi
パーソルホールディングス株式会社,https://www.persol-group.co.jp/recruit/,https://www.persol-group.co.jp,1,HR,東京都,probe:multi
株式会社リクルートホールディングス,https://recruit-holdings.com/ja/careers/,https://recruit-holdings.com,1,HR,東京都,probe:multi
エン・ジャパン株式会社,https://corp.en-japan.com/recruit/,https://corp.en-japan.com,1,HR,東京都,probe:multi
株式会社ネオキャリア,https://www.neo-career.co.jp/recruit/,https://www.neo-career.co.jp,0,HR,東京都,probe:multi
株式会社電通,https://www.dentsu.co.jp/careers/,https://www.dentsu.co.jp,1,広告,東京都,probe:multi
株式会社博報堂,https://www.hakuhodo.co.jp/recruit/,https://www.hakuhodo.co.jp,1,広告,東京都,probe:multi
株式会社ベネッセホールディングス,https://www.benesse.co.jp/saiyo/,https://www.benesse.co.jp,0,教育,岡山県,probe:multi
atama plus株式会社,https://corp.atama.plus/recruit/,https://corp.atama.plus,0,教育テック,東京都,probe:multi
株式会社スタディスト,https://studist.jp/recruit/,https://studist.jp,0,SaaS,東京都,probe:multi
株式会社すかいらーくホールディングス,https://corp.skylark.co.jp/recruit/,https://corp.skylark.co.jp,1,外食,東京都,probe:multi
ゼンショーホールディングス株式会社,https://www.zensho.co.jp/jp/recruit/,https://www.zensho.co.jp,1,外食,東京都,probe:multi
日清食品ホールディングス株式会社,https://www.nissin.com/jp/recruit/,https://www.nissin.com/jp/,1,食品,東京都,probe:multi
クックパッド株式会社,https://info.cookpad.com/careers/,https://info.cookpad.com,1,フードテック,神奈川県,probe:multi
株式会社ぐるなび,https://corporate.gnavi.co.jp/recruit/,https://corporate.gnavi.co.jp,1,フードテック,東京都,probe:multi
